GAME_ID,GAME_DATE_EST_1,HOME_TEAM_NAME,VISITOR_TEAM_NAME,PTS_home,PTS_away,HOME_TEAM_WINS_1,RF_PREDICTION,LR_PREDICTION,DT_PREDICTION,HOME_TEAM_LOGO,VISITOR_TEAM_LOGO
11900101,2020-07-22,Los Angeles Clippers,Orlando Magic,99.0,90.0,1,1,1,0,https://content.sportslogos.net/logos/6/236/full/5462_los_angeles_clippers-primary-2016.png,https://content.sportslogos.net/logos/6/217/full/wd9ic7qafgfb0yxs7tem7n5g4.gif
11900102,2020-07-22,Denver Nuggets,Washington Wizards,89.0,82.0,1,1,1,0,https://content.sportslogos.net/logos/6/229/full/8926_denver_nuggets-primary-2019.png,https://content.sportslogos.net/logos/6/219/full/5671_washington_wizards-primary-2016.png
11900103,2020-07-22,Brooklyn Nets,New Orleans Pelicans,68.0,99.0,0,1,1,0,https://content.sportslogos.net/logos/6/3786/full/137_brooklyn-nets-primary-2013.png,https://content.sportslogos.net/logos/6/4962/full/2681_new_orleans_pelicans-primary-2014.png
11900104,2020-07-22,Miami Heat,Sacramento Kings,104.0,98.0,1,1,1,1,https://content.sportslogos.net/logos/6/214/full/burm5gh2wvjti3xhei5h16k8e.gif,https://content.sportslogos.net/logos/6/240/full/4043_sacramento_kings-primary-2017.png
11900105,2020-07-23,Milwaukee Bucks,San Antonio Spurs,113.0,92.0,1,1,1,1,https://content.sportslogos.net/logos/6/225/full/8275_milwaukee_bucks-primary-2016.png,https://content.sportslogos.net/logos/6/233/full/2547_san_antonio_spurs-primary-2018.png
11900106,2020-07-23,Indiana Pacers,Portland Trail Blazers,91.0,88.0,1,1,1,1,https://content.sportslogos.net/logos/6/224/full/4812_indiana_pacers-primary-2018.png,https://content.sportslogos.net/logos/6/239/full/9725_portland_trail_blazers-primary-2018.png
11900107,2020-07-23,Los Angeles Lakers,Dallas Mavericks,104.0,108.0,0,1,1,1,https://content.sportslogos.net/logos/6/237/full/uig7aiht8jnpl1szbi57zzlsh.png,https://content.sportslogos.net/logos/6/228/full/3463_dallas_mavericks-primary-2018.png
11900108,2020-07-23,Utah Jazz,Phoenix Suns,88.0,101.0,0,1,1,1,https://content.sportslogos.net/logos/6/234/full/6749_utah_jazz-primary-2017.png,https://content.sportslogos.net/logos/6/238/full/4370_phoenix_suns-primary-2014.png
11900109,2020-07-24,Philadelphia 76ers,Memphis Grizzlies,90.0,83.0,1,0,1,0,https://content.sportslogos.net/logos/6/218/full/7034_philadelphia_76ers-primary-2016.png,https://content.sportslogos.net/logos/6/231/full/4373_memphis_grizzlies-primary-2019.png
11900110,2020-07-24,Boston Celtics,Oklahoma City Thunder,84.0,98.0,0,1,1,1,https://content.sportslogos.net/logos/6/213/full/slhg02hbef3j1ov4lsnwyol5o.png,https://content.sportslogos.net/logos/6/2687/full/khmovcnezy06c3nm05ccn0oj2.png
11900111,2020-07-24,Toronto Raptors,Houston Rockets,94.0,83.0,1,1,1,1,https://content.sportslogos.net/logos/6/227/full/7024_toronto_raptors-primary-2021.png,https://content.sportslogos.net/logos/6/230/full/6830_houston_rockets-primary-2020.png
11900117,2020-07-25,New Orleans Pelicans,Denver Nuggets,119.0,104.0,1,0,1,0,https://content.sportslogos.net/logos/6/4962/full/2681_new_orleans_pelicans-primary-2014.png,https://content.sportslogos.net/logos/6/229/full/8926_denver_nuggets-primary-2019.png
11900116,2020-07-25,Washington Wizards,Los Angeles Clippers,100.0,105.0,0,1,0,1,https://content.sportslogos.net/logos/6/219/full/5671_washington_wizards-primary-2016.png,https://content.sportslogos.net/logos/6/236/full/5462_los_angeles_clippers-primary-2016.png
11900115,2020-07-25,San Antonio Spurs,Brooklyn Nets,119.0,124.0,0,1,1,1,https://content.sportslogos.net/logos/6/233/full/2547_san_antonio_spurs-primary-2018.png,https://content.sportslogos.net/logos/6/3786/full/137_brooklyn-nets-primary-2013.png
11900112,2020-07-25,Orlando Magic,Los Angeles Lakers,112.0,119.0,0,0,1,0,https://content.sportslogos.net/logos/6/217/full/wd9ic7qafgfb0yxs7tem7n5g4.gif,https://content.sportslogos.net/logos/6/237/full/uig7aiht8jnpl1szbi57zzlsh.png
11900113,2020-07-25,Sacramento Kings,Milwaukee Bucks,123.0,131.0,0,1,0,0,https://content.sportslogos.net/logos/6/240/full/4043_sacramento_kings-primary-2017.png,https://content.sportslogos.net/logos/6/225/full/8275_milwaukee_bucks-primary-2016.png
11900114,2020-07-25,Utah Jazz,Miami Heat,101.0,99.0,1,1,1,0,https://content.sportslogos.net/logos/6/234/full/6749_utah_jazz-primary-2017.png,https://content.sportslogos.net/logos/6/214/full/burm5gh2wvjti3xhei5h16k8e.gif
11900118,2020-07-26,Oklahoma City Thunder,Philadelphia 76ers,102.0,97.0,1,1,1,0,https://content.sportslogos.net/logos/6/2687/full/khmovcnezy06c3nm05ccn0oj2.png,https://content.sportslogos.net/logos/6/218/full/7034_philadelphia_76ers-primary-2016.png
11900119,2020-07-26,Boston Celtics,Phoenix Suns,117.0,103.0,1,1,1,0,https://content.sportslogos.net/logos/6/213/full/slhg02hbef3j1ov4lsnwyol5o.png,https://content.sportslogos.net/logos/6/238/full/4370_phoenix_suns-primary-2014.png
11900120,2020-07-26,Dallas Mavericks,Indiana Pacers,111.0,118.0,0,1,0,0,https://content.sportslogos.net/logos/6/228/full/3463_dallas_mavericks-primary-2018.png,https://content.sportslogos.net/logos/6/224/full/4812_indiana_pacers-primary-2018.png
11900121,2020-07-26,Toronto Raptors,Portland Trail Blazers,110.0,104.0,1,1,1,1,https://content.sportslogos.net/logos/6/227/full/7024_toronto_raptors-primary-2021.png,https://content.sportslogos.net/logos/6/239/full/9725_portland_trail_blazers-primary-2018.png
11900122,2020-07-26,Memphis Grizzlies,Houston Rockets,104.0,119.0,0,1,0,1,https://content.sportslogos.net/logos/6/231/full/4373_memphis_grizzlies-primary-2019.png,https://content.sportslogos.net/logos/6/230/full/6830_houston_rockets-primary-2020.png
11900127,2020-07-27,Milwaukee Bucks,New Orleans Pelicans,103.0,124.0,0,1,1,1,https://content.sportslogos.net/logos/6/225/full/8275_milwaukee_bucks-primary-2016.png,https://content.sportslogos.net/logos/6/4962/full/2681_new_orleans_pelicans-primary-2014.png
11900126,2020-07-27,Denver Nuggets,Orlando Magic,110.0,114.0,0,1,1,1,https://content.sportslogos.net/logos/6/229/full/8926_denver_nuggets-primary-2019.png,https://content.sportslogos.net/logos/6/217/full/wd9ic7qafgfb0yxs7tem7n5g4.gif
11900124,2020-07-27,Los Angeles Clippers,Sacramento Kings,102.0,106.0,0,1,1,0,https://content.sportslogos.net/logos/6/236/full/5462_los_angeles_clippers-primary-2016.png,https://content.sportslogos.net/logos/6/240/full/4043_sacramento_kings-primary-2017.png
11900123,2020-07-27,Los Angeles Lakers,Washington Wizards,123.0,116.0,1,1,1,1,https://content.sportslogos.net/logos/6/237/full/uig7aiht8jnpl1szbi57zzlsh.png,https://content.sportslogos.net/logos/6/219/full/5671_washington_wizards-primary-2016.png
11900125,2020-07-27,Brooklyn Nets,Utah Jazz,107.0,112.0,0,1,0,1,https://content.sportslogos.net/logos/6/3786/full/137_brooklyn-nets-primary-2013.png,https://content.sportslogos.net/logos/6/234/full/6749_utah_jazz-primary-2017.png
11900128,2020-07-28,Miami Heat,Memphis Grizzlies,110.0,128.0,0,1,1,0,https://content.sportslogos.net/logos/6/214/full/burm5gh2wvjti3xhei5h16k8e.gif,https://content.sportslogos.net/logos/6/231/full/4373_memphis_grizzlies-primary-2019.png
11900129,2020-07-28,Phoenix Suns,Toronto Raptors,117.0,106.0,1,0,0,1,https://content.sportslogos.net/logos/6/238/full/4370_phoenix_suns-primary-2014.png,https://content.sportslogos.net/logos/6/227/full/7024_toronto_raptors-primary-2021.png
11900130,2020-07-28,Indiana Pacers,San Antonio Spurs,111.0,118.0,0,1,1,0,https://content.sportslogos.net/logos/6/224/full/4812_indiana_pacers-primary-2018.png,https://content.sportslogos.net/logos/6/233/full/2547_san_antonio_spurs-primary-2018.png
11900131,2020-07-28,Portland Trail Blazers,Oklahoma City Thunder,120.0,131.0,0,1,1,1,https://content.sportslogos.net/logos/6/239/full/9725_portland_trail_blazers-primary-2018.png,https://content.sportslogos.net/logos/6/2687/full/khmovcnezy06c3nm05ccn0oj2.png
11900132,2020-07-28,Houston Rockets,Boston Celtics,137.0,112.0,1,1,1,1,https://content.sportslogos.net/logos/6/230/full/6830_houston_rockets-primary-2020.png,https://content.sportslogos.net/logos/6/213/full/slhg02hbef3j1ov4lsnwyol5o.png
11900133,2020-07-28,Philadelphia 76ers,Dallas Mavericks,115.0,118.0,0,1,1,1,https://content.sportslogos.net/logos/6/218/full/7034_philadelphia_76ers-primary-2016.png,https://content.sportslogos.net/logos/6/228/full/3463_dallas_mavericks-primary-2018.png
21901231,2020-07-30,New Orleans Pelicans,Utah Jazz,104.0,106.0,0,0,1,0,https://content.sportslogos.net/logos/6/4962/full/2681_new_orleans_pelicans-primary-2014.png,https://content.sportslogos.net/logos/6/234/full/6749_utah_jazz-primary-2017.png
21901232,2020-07-30,Los Angeles Lakers,Los Angeles Clippers,103.0,101.0,1,1,1,0,https://content.sportslogos.net/logos/6/237/full/uig7aiht8jnpl1szbi57zzlsh.png,https://content.sportslogos.net/logos/6/236/full/5462_los_angeles_clippers-primary-2016.png
21901234,2020-07-31,Portland Trail Blazers,Memphis Grizzlies,140.0,135.0,1,1,0,1,https://content.sportslogos.net/logos/6/239/full/9725_portland_trail_blazers-primary-2018.png,https://content.sportslogos.net/logos/6/231/full/4373_memphis_grizzlies-primary-2019.png
21901238,2020-07-31,Dallas Mavericks,Houston Rockets,149.0,153.0,0,1,1,1,https://content.sportslogos.net/logos/6/228/full/3463_dallas_mavericks-primary-2018.png,https://content.sportslogos.net/logos/6/230/full/6830_houston_rockets-primary-2020.png
21901237,2020-07-31,San Antonio Spurs,Sacramento Kings,129.0,120.0,1,1,0,1,https://content.sportslogos.net/logos/6/233/full/2547_san_antonio_spurs-primary-2018.png,https://content.sportslogos.net/logos/6/240/full/4043_sacramento_kings-primary-2017.png
21901233,2020-07-31,Brooklyn Nets,Orlando Magic,118.0,128.0,0,1,1,0,https://content.sportslogos.net/logos/6/3786/full/137_brooklyn-nets-primary-2013.png,https://content.sportslogos.net/logos/6/217/full/wd9ic7qafgfb0yxs7tem7n5g4.gif
21901235,2020-07-31,Washington Wizards,Phoenix Suns,112.0,125.0,0,1,0,1,https://content.sportslogos.net/logos/6/219/full/5671_washington_wizards-primary-2016.png,https://content.sportslogos.net/logos/6/238/full/4370_phoenix_suns-primary-2014.png
21901236,2020-07-31,Milwaukee Bucks,Boston Celtics,119.0,112.0,1,1,1,0,https://content.sportslogos.net/logos/6/225/full/8275_milwaukee_bucks-primary-2016.png,https://content.sportslogos.net/logos/6/213/full/slhg02hbef3j1ov4lsnwyol5o.png
21901242,2020-08-01,Indiana Pacers,Philadelphia 76ers,127.0,121.0,1,1,1,1,https://content.sportslogos.net/logos/6/224/full/4812_indiana_pacers-primary-2018.png,https://content.sportslogos.net/logos/6/218/full/7034_philadelphia_76ers-primary-2016.png
21901239,2020-08-01,Denver Nuggets,Miami Heat,105.0,125.0,0,1,1,1,https://content.sportslogos.net/logos/6/229/full/8926_denver_nuggets-primary-2019.png,https://content.sportslogos.net/logos/6/214/full/burm5gh2wvjti3xhei5h16k8e.gif
21901240,2020-08-01,Oklahoma City Thunder,Utah Jazz,110.0,94.0,1,1,1,1,https://content.sportslogos.net/logos/6/2687/full/khmovcnezy06c3nm05ccn0oj2.png,https://content.sportslogos.net/logos/6/234/full/6749_utah_jazz-primary-2017.png
21901241,2020-08-01,Los Angeles Clippers,New Orleans Pelicans,126.0,103.0,1,1,1,0,https://content.sportslogos.net/logos/6/236/full/5462_los_angeles_clippers-primary-2016.png,https://content.sportslogos.net/logos/6/4962/full/2681_new_orleans_pelicans-primary-2014.png
21901243,2020-08-01,Toronto Raptors,Los Angeles Lakers,107.0,92.0,1,1,1,1,https://content.sportslogos.net/logos/6/227/full/7024_toronto_raptors-primary-2021.png,https://content.sportslogos.net/logos/6/237/full/uig7aiht8jnpl1szbi57zzlsh.png
21901249,2020-08-02,Phoenix Suns,Dallas Mavericks,117.0,115.0,1,1,0,0,https://content.sportslogos.net/logos/6/238/full/4370_phoenix_suns-primary-2014.png,https://content.sportslogos.net/logos/6/228/full/3463_dallas_mavericks-primary-2018.png
21901247,2020-08-02,Orlando Magic,Sacramento Kings,132.0,116.0,1,1,1,0,https://content.sportslogos.net/logos/6/217/full/wd9ic7qafgfb0yxs7tem7n5g4.gif,https://content.sportslogos.net/logos/6/240/full/4043_sacramento_kings-primary-2017.png
21901248,2020-08-02,Houston Rockets,Milwaukee Bucks,120.0,116.0,1,1,1,0,https://content.sportslogos.net/logos/6/230/full/6830_houston_rockets-primary-2020.png,https://content.sportslogos.net/logos/6/225/full/8275_milwaukee_bucks-primary-2016.png
21901245,2020-08-02,Boston Celtics,Portland Trail Blazers,128.0,124.0,1,1,1,1,https://content.sportslogos.net/logos/6/213/full/slhg02hbef3j1ov4lsnwyol5o.png,https://content.sportslogos.net/logos/6/239/full/9725_portland_trail_blazers-primary-2018.png
21901246,2020-08-02,Memphis Grizzlies,San Antonio Spurs,106.0,108.0,0,1,0,1,https://content.sportslogos.net/logos/6/231/full/4373_memphis_grizzlies-primary-2019.png,https://content.sportslogos.net/logos/6/233/full/2547_san_antonio_spurs-primary-2018.png
21901244,2020-08-02,Brooklyn Nets,Washington Wizards,118.0,110.0,1,1,0,0,https://content.sportslogos.net/logos/6/3786/full/137_brooklyn-nets-primary-2013.png,https://content.sportslogos.net/logos/6/219/full/5671_washington_wizards-primary-2016.png
21901250,2020-08-03,Miami Heat,Toronto Raptors,103.0,107.0,0,1,1,1,https://content.sportslogos.net/logos/6/214/full/burm5gh2wvjti3xhei5h16k8e.gif,https://content.sportslogos.net/logos/6/227/full/7024_toronto_raptors-primary-2021.png
21901251,2020-08-03,Oklahoma City Thunder,Denver Nuggets,113.0,121.0,0,1,1,1,https://content.sportslogos.net/logos/6/2687/full/khmovcnezy06c3nm05ccn0oj2.png,https://content.sportslogos.net/logos/6/229/full/8926_denver_nuggets-primary-2019.png
21901252,2020-08-03,Washington Wizards,Indiana Pacers,100.0,111.0,0,0,0,1,https://content.sportslogos.net/logos/6/219/full/5671_washington_wizards-primary-2016.png,https://content.sportslogos.net/logos/6/224/full/4812_indiana_pacers-primary-2018.png
21901253,2020-08-03,New Orleans Pelicans,Memphis Grizzlies,109.0,99.0,1,1,0,1,https://content.sportslogos.net/logos/6/4962/full/2681_new_orleans_pelicans-primary-2014.png,https://content.sportslogos.net/logos/6/231/full/4373_memphis_grizzlies-primary-2019.png
21901254,2020-08-03,Philadelphia 76ers,San Antonio Spurs,132.0,130.0,1,1,1,1,https://content.sportslogos.net/logos/6/218/full/7034_philadelphia_76ers-primary-2016.png,https://content.sportslogos.net/logos/6/233/full/2547_san_antonio_spurs-primary-2018.png
21901255,2020-08-03,Utah Jazz,Los Angeles Lakers,108.0,116.0,0,1,1,1,https://content.sportslogos.net/logos/6/234/full/6749_utah_jazz-primary-2017.png,https://content.sportslogos.net/logos/6/237/full/uig7aiht8jnpl1szbi57zzlsh.png
21901261,2020-08-04,Portland Trail Blazers,Houston Rockets,110.0,102.0,1,1,1,1,https://content.sportslogos.net/logos/6/239/full/9725_portland_trail_blazers-primary-2018.png,https://content.sportslogos.net/logos/6/230/full/6830_houston_rockets-primary-2020.png
21901260,2020-08-04,Miami Heat,Boston Celtics,112.0,106.0,1,1,1,1,https://content.sportslogos.net/logos/6/214/full/burm5gh2wvjti3xhei5h16k8e.gif,https://content.sportslogos.net/logos/6/213/full/slhg02hbef3j1ov4lsnwyol5o.png
21901259,2020-08-04,Indiana Pacers,Orlando Magic,120.0,109.0,1,1,1,0,https://content.sportslogos.net/logos/6/224/full/4812_indiana_pacers-primary-2018.png,https://content.sportslogos.net/logos/6/217/full/wd9ic7qafgfb0yxs7tem7n5g4.gif
21901258,2020-08-04,Los Angeles Clippers,Phoenix Suns,115.0,117.0,0,1,1,0,https://content.sportslogos.net/logos/6/236/full/5462_los_angeles_clippers-primary-2016.png,https://content.sportslogos.net/logos/6/238/full/4370_phoenix_suns-primary-2014.png
21901257,2020-08-04,Sacramento Kings,Dallas Mavericks,110.0,114.0,0,1,0,0,https://content.sportslogos.net/logos/6/240/full/4043_sacramento_kings-primary-2017.png,https://content.sportslogos.net/logos/6/228/full/3463_dallas_mavericks-primary-2018.png
21901256,2020-08-04,Milwaukee Bucks,Brooklyn Nets,116.0,119.0,0,1,1,0,https://content.sportslogos.net/logos/6/225/full/8275_milwaukee_bucks-primary-2016.png,https://content.sportslogos.net/logos/6/3786/full/137_brooklyn-nets-primary-2013.png
21901262,2020-08-05,Utah Jazz,Memphis Grizzlies,124.0,115.0,1,1,1,1,https://content.sportslogos.net/logos/6/234/full/6749_utah_jazz-primary-2017.png,https://content.sportslogos.net/logos/6/231/full/4373_memphis_grizzlies-primary-2019.png
21901263,2020-08-05,Washington Wizards,Philadelphia 76ers,98.0,107.0,0,0,0,1,https://content.sportslogos.net/logos/6/219/full/5671_washington_wizards-primary-2016.png,https://content.sportslogos.net/logos/6/218/full/7034_philadelphia_76ers-primary-2016.png
21901264,2020-08-05,San Antonio Spurs,Denver Nuggets,126.0,132.0,0,0,1,0,https://content.sportslogos.net/logos/6/233/full/2547_san_antonio_spurs-primary-2018.png,https://content.sportslogos.net/logos/6/229/full/8926_denver_nuggets-primary-2019.png
21901265,2020-08-05,Los Angeles Lakers,Oklahoma City Thunder,86.0,105.0,0,1,1,0,https://content.sportslogos.net/logos/6/237/full/uig7aiht8jnpl1szbi57zzlsh.png,https://content.sportslogos.net/logos/6/2687/full/khmovcnezy06c3nm05ccn0oj2.png
21901266,2020-08-05,Orlando Magic,Toronto Raptors,99.0,109.0,0,1,1,1,https://content.sportslogos.net/logos/6/217/full/wd9ic7qafgfb0yxs7tem7n5g4.gif,https://content.sportslogos.net/logos/6/227/full/7024_toronto_raptors-primary-2021.png
21901267,2020-08-05,Boston Celtics,Brooklyn Nets,149.0,115.0,1,1,1,1,https://content.sportslogos.net/logos/6/213/full/slhg02hbef3j1ov4lsnwyol5o.png,https://content.sportslogos.net/logos/6/3786/full/137_brooklyn-nets-primary-2013.png
21901272,2020-08-06,Denver Nuggets,Portland Trail Blazers,115.0,125.0,0,1,1,1,https://content.sportslogos.net/logos/6/229/full/8926_denver_nuggets-primary-2019.png,https://content.sportslogos.net/logos/6/239/full/9725_portland_trail_blazers-primary-2018.png
21901271,2020-08-06,Dallas Mavericks,Los Angeles Clippers,111.0,126.0,0,0,1,1,https://content.sportslogos.net/logos/6/228/full/3463_dallas_mavericks-primary-2018.png,https://content.sportslogos.net/logos/6/236/full/5462_los_angeles_clippers-primary-2016.png
21901273,2020-08-06,Houston Rockets,Los Angeles Lakers,113.0,97.0,1,1,1,1,https://content.sportslogos.net/logos/6/230/full/6830_houston_rockets-primary-2020.png,https://content.sportslogos.net/logos/6/237/full/uig7aiht8jnpl1szbi57zzlsh.png
21901269,2020-08-06,Milwaukee Bucks,Miami Heat,130.0,116.0,1,1,1,0,https://content.sportslogos.net/logos/6/225/full/8275_milwaukee_bucks-primary-2016.png,https://content.sportslogos.net/logos/6/214/full/burm5gh2wvjti3xhei5h16k8e.gif
21901268,2020-08-06,Sacramento Kings,New Orleans Pelicans,140.0,125.0,1,1,0,0,https://content.sportslogos.net/logos/6/240/full/4043_sacramento_kings-primary-2017.png,https://content.sportslogos.net/logos/6/4962/full/2681_new_orleans_pelicans-primary-2014.png
21901270,2020-08-06,Phoenix Suns,Indiana Pacers,114.0,99.0,1,0,0,0,https://content.sportslogos.net/logos/6/238/full/4370_phoenix_suns-primary-2014.png,https://content.sportslogos.net/logos/6/224/full/4812_indiana_pacers-primary-2018.png
21901278,2020-08-07,New Orleans Pelicans,Washington Wizards,118.0,107.0,1,1,0,1,https://content.sportslogos.net/logos/6/4962/full/2681_new_orleans_pelicans-primary-2014.png,https://content.sportslogos.net/logos/6/219/full/5671_washington_wizards-primary-2016.png
21901277,2020-08-07,Philadelphia 76ers,Orlando Magic,108.0,101.0,1,1,1,1,https://content.sportslogos.net/logos/6/218/full/7034_philadelphia_76ers-primary-2016.png,https://content.sportslogos.net/logos/6/217/full/wd9ic7qafgfb0yxs7tem7n5g4.gif
21901279,2020-08-07,Toronto Raptors,Boston Celtics,100.0,122.0,0,1,1,0,https://content.sportslogos.net/logos/6/227/full/7024_toronto_raptors-primary-2021.png,https://content.sportslogos.net/logos/6/213/full/slhg02hbef3j1ov4lsnwyol5o.png
21901275,2020-08-07,Memphis Grizzlies,Oklahoma City Thunder,121.0,92.0,1,1,0,0,https://content.sportslogos.net/logos/6/231/full/4373_memphis_grizzlies-primary-2019.png,https://content.sportslogos.net/logos/6/2687/full/khmovcnezy06c3nm05ccn0oj2.png
21901274,2020-08-07,San Antonio Spurs,Utah Jazz,119.0,111.0,1,1,1,1,https://content.sportslogos.net/logos/6/233/full/2547_san_antonio_spurs-primary-2018.png,https://content.sportslogos.net/logos/6/234/full/6749_utah_jazz-primary-2017.png
21901276,2020-08-07,Brooklyn Nets,Sacramento Kings,119.0,106.0,1,1,1,0,https://content.sportslogos.net/logos/6/3786/full/137_brooklyn-nets-primary-2013.png,https://content.sportslogos.net/logos/6/240/full/4043_sacramento_kings-primary-2017.png
21901280,2020-08-08,Portland Trail Blazers,Los Angeles Clippers,117.0,122.0,0,1,1,0,https://content.sportslogos.net/logos/6/239/full/9725_portland_trail_blazers-primary-2018.png,https://content.sportslogos.net/logos/6/236/full/5462_los_angeles_clippers-primary-2016.png
21901281,2020-08-08,Denver Nuggets,Utah Jazz,134.0,132.0,1,1,1,1,https://content.sportslogos.net/logos/6/229/full/8926_denver_nuggets-primary-2019.png,https://content.sportslogos.net/logos/6/234/full/6749_utah_jazz-primary-2017.png
21901282,2020-08-08,Indiana Pacers,Los Angeles Lakers,116.0,111.0,1,1,1,0,https://content.sportslogos.net/logos/6/224/full/4812_indiana_pacers-primary-2018.png,https://content.sportslogos.net/logos/6/237/full/uig7aiht8jnpl1szbi57zzlsh.png
21901283,2020-08-08,Miami Heat,Phoenix Suns,112.0,119.0,0,1,1,1,https://content.sportslogos.net/logos/6/214/full/burm5gh2wvjti3xhei5h16k8e.gif,https://content.sportslogos.net/logos/6/238/full/4370_phoenix_suns-primary-2014.png
21901284,2020-08-08,Dallas Mavericks,Milwaukee Bucks,136.0,132.0,1,1,1,0,https://content.sportslogos.net/logos/6/228/full/3463_dallas_mavericks-primary-2018.png,https://content.sportslogos.net/logos/6/225/full/8275_milwaukee_bucks-primary-2016.png
21901290,2020-08-09,Sacramento Kings,Houston Rockets,112.0,129.0,0,1,0,0,https://content.sportslogos.net/logos/6/240/full/4043_sacramento_kings-primary-2017.png,https://content.sportslogos.net/logos/6/230/full/6830_houston_rockets-primary-2020.png
21901291,2020-08-09,Los Angeles Clippers,Brooklyn Nets,120.0,129.0,0,1,1,0,https://content.sportslogos.net/logos/6/236/full/5462_los_angeles_clippers-primary-2016.png,https://content.sportslogos.net/logos/6/3786/full/137_brooklyn-nets-primary-2013.png
21901289,2020-08-09,Portland Trail Blazers,Philadelphia 76ers,124.0,121.0,1,1,1,0,https://content.sportslogos.net/logos/6/239/full/9725_portland_trail_blazers-primary-2018.png,https://content.sportslogos.net/logos/6/218/full/7034_philadelphia_76ers-primary-2016.png
21901285,2020-08-09,Oklahoma City Thunder,Washington Wizards,121.0,103.0,1,1,1,0,https://content.sportslogos.net/logos/6/2687/full/khmovcnezy06c3nm05ccn0oj2.png,https://content.sportslogos.net/logos/6/219/full/5671_washington_wizards-primary-2016.png
21901287,2020-08-09,New Orleans Pelicans,San Antonio Spurs,113.0,122.0,0,1,0,1,https://content.sportslogos.net/logos/6/4962/full/2681_new_orleans_pelicans-primary-2014.png,https://content.sportslogos.net/logos/6/233/full/2547_san_antonio_spurs-primary-2018.png
21901286,2020-08-09,Toronto Raptors,Memphis Grizzlies,108.0,99.0,1,1,1,1,https://content.sportslogos.net/logos/6/227/full/7024_toronto_raptors-primary-2021.png,https://content.sportslogos.net/logos/6/231/full/4373_memphis_grizzlies-primary-2019.png
21901288,2020-08-09,Boston Celtics,Orlando Magic,122.0,119.0,1,1,1,1,https://content.sportslogos.net/logos/6/213/full/slhg02hbef3j1ov4lsnwyol5o.png,https://content.sportslogos.net/logos/6/217/full/wd9ic7qafgfb0yxs7tem7n5g4.gif
21901292,2020-08-10,Phoenix Suns,Oklahoma City Thunder,128.0,101.0,1,0,0,0,https://content.sportslogos.net/logos/6/238/full/4370_phoenix_suns-primary-2014.png,https://content.sportslogos.net/logos/6/2687/full/khmovcnezy06c3nm05ccn0oj2.png
21901293,2020-08-10,Utah Jazz,Dallas Mavericks,114.0,122.0,0,1,1,1,https://content.sportslogos.net/logos/6/234/full/6749_utah_jazz-primary-2017.png,https://content.sportslogos.net/logos/6/228/full/3463_dallas_mavericks-primary-2018.png
21901294,2020-08-10,Milwaukee Bucks,Toronto Raptors,106.0,114.0,0,1,1,1,https://content.sportslogos.net/logos/6/225/full/8275_milwaukee_bucks-primary-2016.png,https://content.sportslogos.net/logos/6/227/full/7024_toronto_raptors-primary-2021.png
21901295,2020-08-10,Miami Heat,Indiana Pacers,114.0,92.0,1,1,1,0,https://content.sportslogos.net/logos/6/214/full/burm5gh2wvjti3xhei5h16k8e.gif,https://content.sportslogos.net/logos/6/224/full/4812_indiana_pacers-primary-2018.png
21901296,2020-08-10,Los Angeles Lakers,Denver Nuggets,124.0,121.0,1,1,1,0,https://content.sportslogos.net/logos/6/237/full/uig7aiht8jnpl1szbi57zzlsh.png,https://content.sportslogos.net/logos/6/229/full/8926_denver_nuggets-primary-2019.png
21901302,2020-08-11,Sacramento Kings,New Orleans Pelicans,112.0,106.0,1,0,0,0,https://content.sportslogos.net/logos/6/240/full/4043_sacramento_kings-primary-2017.png,https://content.sportslogos.net/logos/6/4962/full/2681_new_orleans_pelicans-primary-2014.png
21901303,2020-08-11,Washington Wizards,Milwaukee Bucks,113.0,126.0,0,0,0,0,https://content.sportslogos.net/logos/6/219/full/5671_washington_wizards-primary-2016.png,https://content.sportslogos.net/logos/6/225/full/8275_milwaukee_bucks-primary-2016.png
21901301,2020-08-11,Memphis Grizzlies,Boston Celtics,107.0,122.0,0,1,0,0,https://content.sportslogos.net/logos/6/231/full/4373_memphis_grizzlies-primary-2019.png,https://content.sportslogos.net/logos/6/213/full/slhg02hbef3j1ov4lsnwyol5o.png
21901300,2020-08-11,Dallas Mavericks,Portland Trail Blazers,131.0,134.0,0,0,1,0,https://content.sportslogos.net/logos/6/228/full/3463_dallas_mavericks-primary-2018.png,https://content.sportslogos.net/logos/6/239/full/9725_portland_trail_blazers-primary-2018.png
21901299,2020-08-11,Philadelphia 76ers,Phoenix Suns,117.0,130.0,0,1,1,1,https://content.sportslogos.net/logos/6/218/full/7034_philadelphia_76ers-primary-2016.png,https://content.sportslogos.net/logos/6/238/full/4370_phoenix_suns-primary-2014.png
21901298,2020-08-11,San Antonio Spurs,Houston Rockets,123.0,105.0,1,0,1,1,https://content.sportslogos.net/logos/6/233/full/2547_san_antonio_spurs-primary-2018.png,https://content.sportslogos.net/logos/6/230/full/6830_houston_rockets-primary-2020.png
21901297,2020-08-11,Orlando Magic,Brooklyn Nets,96.0,108.0,0,1,0,1,https://content.sportslogos.net/logos/6/217/full/wd9ic7qafgfb0yxs7tem7n5g4.gif,https://content.sportslogos.net/logos/6/3786/full/137_brooklyn-nets-primary-2013.png
21901304,2020-08-12,Houston Rockets,Indiana Pacers,104.0,108.0,0,1,1,0,https://content.sportslogos.net/logos/6/230/full/6830_houston_rockets-primary-2020.png,https://content.sportslogos.net/logos/6/224/full/4812_indiana_pacers-primary-2018.png
21901305,2020-08-12,Philadelphia 76ers,Toronto Raptors,121.0,125.0,0,1,1,1,https://content.sportslogos.net/logos/6/218/full/7034_philadelphia_76ers-primary-2016.png,https://content.sportslogos.net/logos/6/227/full/7024_toronto_raptors-primary-2021.png
21901306,2020-08-12,Oklahoma City Thunder,Miami Heat,116.0,115.0,1,1,1,0,https://content.sportslogos.net/logos/6/2687/full/khmovcnezy06c3nm05ccn0oj2.png,https://content.sportslogos.net/logos/6/214/full/burm5gh2wvjti3xhei5h16k8e.gif
21901307,2020-08-12,Denver Nuggets,Los Angeles Clippers,111.0,124.0,0,1,1,1,https://content.sportslogos.net/logos/6/229/full/8926_denver_nuggets-primary-2019.png,https://content.sportslogos.net/logos/6/236/full/5462_los_angeles_clippers-primary-2016.png
21901314,2020-08-13,Utah Jazz,San Antonio Spurs,118.0,112.0,1,1,1,1,https://content.sportslogos.net/logos/6/234/full/6749_utah_jazz-primary-2017.png,https://content.sportslogos.net/logos/6/233/full/2547_san_antonio_spurs-primary-2018.png
21901313,2020-08-13,Phoenix Suns,Dallas Mavericks,128.0,102.0,1,0,1,0,https://content.sportslogos.net/logos/6/238/full/4370_phoenix_suns-primary-2014.png,https://content.sportslogos.net/logos/6/228/full/3463_dallas_mavericks-primary-2018.png
21901312,2020-08-13,Orlando Magic,New Orleans Pelicans,133.0,127.0,1,0,0,1,https://content.sportslogos.net/logos/6/217/full/wd9ic7qafgfb0yxs7tem7n5g4.gif,https://content.sportslogos.net/logos/6/4962/full/2681_new_orleans_pelicans-primary-2014.png
21901309,2020-08-13,Brooklyn Nets,Portland Trail Blazers,133.0,134.0,0,1,1,1,https://content.sportslogos.net/logos/6/3786/full/137_brooklyn-nets-primary-2013.png,https://content.sportslogos.net/logos/6/239/full/9725_portland_trail_blazers-primary-2018.png
21901310,2020-08-13,Los Angeles Lakers,Sacramento Kings,122.0,136.0,0,1,1,0,https://content.sportslogos.net/logos/6/237/full/uig7aiht8jnpl1szbi57zzlsh.png,https://content.sportslogos.net/logos/6/240/full/4043_sacramento_kings-primary-2017.png
21901308,2020-08-13,Boston Celtics,Washington Wizards,90.0,96.0,0,1,1,1,https://content.sportslogos.net/logos/6/213/full/slhg02hbef3j1ov4lsnwyol5o.png,https://content.sportslogos.net/logos/6/219/full/5671_washington_wizards-primary-2016.png
21901311,2020-08-13,Memphis Grizzlies,Milwaukee Bucks,119.0,106.0,1,0,0,0,https://content.sportslogos.net/logos/6/231/full/4373_memphis_grizzlies-primary-2019.png,https://content.sportslogos.net/logos/6/225/full/8275_milwaukee_bucks-primary-2016.png
21901317,2020-08-14,Los Angeles Clippers,Oklahoma City Thunder,107.0,103.0,1,1,1,1,https://content.sportslogos.net/logos/6/236/full/5462_los_angeles_clippers-primary-2016.png,https://content.sportslogos.net/logos/6/2687/full/khmovcnezy06c3nm05ccn0oj2.png
21901315,2020-08-14,Houston Rockets,Philadelphia 76ers,96.0,134.0,0,1,1,1,https://content.sportslogos.net/logos/6/230/full/6830_houston_rockets-primary-2020.png,https://content.sportslogos.net/logos/6/218/full/7034_philadelphia_76ers-primary-2016.png
21901316,2020-08-14,Indiana Pacers,Miami Heat,109.0,92.0,1,1,1,1,https://content.sportslogos.net/logos/6/224/full/4812_indiana_pacers-primary-2018.png,https://content.sportslogos.net/logos/6/214/full/burm5gh2wvjti3xhei5h16k8e.gif
21901318,2020-08-14,Toronto Raptors,Denver Nuggets,117.0,109.0,1,1,1,1,https://content.sportslogos.net/logos/6/227/full/7024_toronto_raptors-primary-2021.png,https://content.sportslogos.net/logos/6/229/full/8926_denver_nuggets-primary-2019.png
51900111,2020-08-15,Portland Trail Blazers,Memphis Grizzlies,126.0,122.0,1,1,1,0,https://content.sportslogos.net/logos/6/239/full/9725_portland_trail_blazers-primary-2018.png,https://content.sportslogos.net/logos/6/231/full/4373_memphis_grizzlies-primary-2019.png
41900161,2020-08-17,Denver Nuggets,Utah Jazz,135.0,125.0,1,0,1,1,https://content.sportslogos.net/logos/6/229/full/8926_denver_nuggets-primary-2019.png,https://content.sportslogos.net/logos/6/234/full/6749_utah_jazz-primary-2017.png
41900111,2020-08-17,Toronto Raptors,Brooklyn Nets,134.0,110.0,1,1,1,0,https://content.sportslogos.net/logos/6/227/full/7024_toronto_raptors-primary-2021.png,https://content.sportslogos.net/logos/6/3786/full/137_brooklyn-nets-primary-2013.png
41900121,2020-08-17,Boston Celtics,Philadelphia 76ers,109.0,101.0,1,1,1,1,https://content.sportslogos.net/logos/6/213/full/slhg02hbef3j1ov4lsnwyol5o.png,https://content.sportslogos.net/logos/6/218/full/7034_philadelphia_76ers-primary-2016.png
41900151,2020-08-17,Los Angeles Clippers,Dallas Mavericks,118.0,110.0,1,1,1,1,https://content.sportslogos.net/logos/6/236/full/5462_los_angeles_clippers-primary-2016.png,https://content.sportslogos.net/logos/6/228/full/3463_dallas_mavericks-primary-2018.png
41900171,2020-08-18,Houston Rockets,Oklahoma City Thunder,123.0,108.0,1,1,1,1,https://content.sportslogos.net/logos/6/230/full/6830_houston_rockets-primary-2020.png,https://content.sportslogos.net/logos/6/2687/full/khmovcnezy06c3nm05ccn0oj2.png
41900101,2020-08-18,Milwaukee Bucks,Orlando Magic,110.0,122.0,0,1,1,1,https://content.sportslogos.net/logos/6/225/full/8275_milwaukee_bucks-primary-2016.png,https://content.sportslogos.net/logos/6/217/full/wd9ic7qafgfb0yxs7tem7n5g4.gif
41900131,2020-08-18,Indiana Pacers,Miami Heat,101.0,113.0,0,1,1,1,https://content.sportslogos.net/logos/6/224/full/4812_indiana_pacers-primary-2018.png,https://content.sportslogos.net/logos/6/214/full/burm5gh2wvjti3xhei5h16k8e.gif
41900141,2020-08-18,Los Angeles Lakers,Portland Trail Blazers,93.0,100.0,0,1,1,0,https://content.sportslogos.net/logos/6/237/full/uig7aiht8jnpl1szbi57zzlsh.png,https://content.sportslogos.net/logos/6/239/full/9725_portland_trail_blazers-primary-2018.png
41900162,2020-08-19,Denver Nuggets,Utah Jazz,105.0,124.0,0,0,1,0,https://content.sportslogos.net/logos/6/229/full/8926_denver_nuggets-primary-2019.png,https://content.sportslogos.net/logos/6/234/full/6749_utah_jazz-primary-2017.png
41900112,2020-08-19,Toronto Raptors,Brooklyn Nets,104.0,99.0,1,1,1,1,https://content.sportslogos.net/logos/6/227/full/7024_toronto_raptors-primary-2021.png,https://content.sportslogos.net/logos/6/3786/full/137_brooklyn-nets-primary-2013.png
41900152,2020-08-19,Los Angeles Clippers,Dallas Mavericks,114.0,127.0,0,1,1,0,https://content.sportslogos.net/logos/6/236/full/5462_los_angeles_clippers-primary-2016.png,https://content.sportslogos.net/logos/6/228/full/3463_dallas_mavericks-primary-2018.png
41900122,2020-08-19,Boston Celtics,Philadelphia 76ers,128.0,101.0,1,1,1,1,https://content.sportslogos.net/logos/6/213/full/slhg02hbef3j1ov4lsnwyol5o.png,https://content.sportslogos.net/logos/6/218/full/7034_philadelphia_76ers-primary-2016.png
41900172,2020-08-20,Houston Rockets,Oklahoma City Thunder,111.0,98.0,1,1,1,0,https://content.sportslogos.net/logos/6/230/full/6830_houston_rockets-primary-2020.png,https://content.sportslogos.net/logos/6/2687/full/khmovcnezy06c3nm05ccn0oj2.png
41900142,2020-08-20,Los Angeles Lakers,Portland Trail Blazers,111.0,88.0,1,1,1,1,https://content.sportslogos.net/logos/6/237/full/uig7aiht8jnpl1szbi57zzlsh.png,https://content.sportslogos.net/logos/6/239/full/9725_portland_trail_blazers-primary-2018.png
41900102,2020-08-20,Milwaukee Bucks,Orlando Magic,111.0,96.0,1,1,1,1,https://content.sportslogos.net/logos/6/225/full/8275_milwaukee_bucks-primary-2016.png,https://content.sportslogos.net/logos/6/217/full/wd9ic7qafgfb0yxs7tem7n5g4.gif
41900132,2020-08-20,Indiana Pacers,Miami Heat,100.0,109.0,0,1,1,1,https://content.sportslogos.net/logos/6/224/full/4812_indiana_pacers-primary-2018.png,https://content.sportslogos.net/logos/6/214/full/burm5gh2wvjti3xhei5h16k8e.gif
41900153,2020-08-21,Dallas Mavericks,Los Angeles Clippers,122.0,130.0,0,1,1,1,https://content.sportslogos.net/logos/6/228/full/3463_dallas_mavericks-primary-2018.png,https://content.sportslogos.net/logos/6/236/full/5462_los_angeles_clippers-primary-2016.png
41900163,2020-08-21,Utah Jazz,Denver Nuggets,124.0,87.0,1,1,1,1,https://content.sportslogos.net/logos/6/234/full/6749_utah_jazz-primary-2017.png,https://content.sportslogos.net/logos/6/229/full/8926_denver_nuggets-primary-2019.png
41900113,2020-08-21,Brooklyn Nets,Toronto Raptors,92.0,117.0,0,1,1,0,https://content.sportslogos.net/logos/6/3786/full/137_brooklyn-nets-primary-2013.png,https://content.sportslogos.net/logos/6/227/full/7024_toronto_raptors-primary-2021.png
41900123,2020-08-21,Philadelphia 76ers,Boston Celtics,94.0,102.0,0,1,1,1,https://content.sportslogos.net/logos/6/218/full/7034_philadelphia_76ers-primary-2016.png,https://content.sportslogos.net/logos/6/213/full/slhg02hbef3j1ov4lsnwyol5o.png
41900143,2020-08-22,Portland Trail Blazers,Los Angeles Lakers,108.0,116.0,0,1,1,1,https://content.sportslogos.net/logos/6/239/full/9725_portland_trail_blazers-primary-2018.png,https://content.sportslogos.net/logos/6/237/full/uig7aiht8jnpl1szbi57zzlsh.png
41900103,2020-08-22,Orlando Magic,Milwaukee Bucks,107.0,121.0,0,1,0,0,https://content.sportslogos.net/logos/6/217/full/wd9ic7qafgfb0yxs7tem7n5g4.gif,https://content.sportslogos.net/logos/6/225/full/8275_milwaukee_bucks-primary-2016.png
41900173,2020-08-22,Oklahoma City Thunder,Houston Rockets,119.0,107.0,1,1,1,0,https://content.sportslogos.net/logos/6/2687/full/khmovcnezy06c3nm05ccn0oj2.png,https://content.sportslogos.net/logos/6/230/full/6830_houston_rockets-primary-2020.png
41900133,2020-08-22,Miami Heat,Indiana Pacers,124.0,115.0,1,1,1,1,https://content.sportslogos.net/logos/6/214/full/burm5gh2wvjti3xhei5h16k8e.gif,https://content.sportslogos.net/logos/6/224/full/4812_indiana_pacers-primary-2018.png
41900164,2020-08-23,Utah Jazz,Denver Nuggets,129.0,127.0,1,1,1,1,https://content.sportslogos.net/logos/6/234/full/6749_utah_jazz-primary-2017.png,https://content.sportslogos.net/logos/6/229/full/8926_denver_nuggets-primary-2019.png
41900114,2020-08-23,Brooklyn Nets,Toronto Raptors,122.0,150.0,0,1,1,1,https://content.sportslogos.net/logos/6/3786/full/137_brooklyn-nets-primary-2013.png,https://content.sportslogos.net/logos/6/227/full/7024_toronto_raptors-primary-2021.png
41900124,2020-08-23,Philadelphia 76ers,Boston Celtics,106.0,110.0,0,1,1,1,https://content.sportslogos.net/logos/6/218/full/7034_philadelphia_76ers-primary-2016.png,https://content.sportslogos.net/logos/6/213/full/slhg02hbef3j1ov4lsnwyol5o.png
41900154,2020-08-23,Dallas Mavericks,Los Angeles Clippers,135.0,133.0,1,0,1,1,https://content.sportslogos.net/logos/6/228/full/3463_dallas_mavericks-primary-2018.png,https://content.sportslogos.net/logos/6/236/full/5462_los_angeles_clippers-primary-2016.png
41900174,2020-08-24,Oklahoma City Thunder,Houston Rockets,117.0,114.0,1,0,1,0,https://content.sportslogos.net/logos/6/2687/full/khmovcnezy06c3nm05ccn0oj2.png,https://content.sportslogos.net/logos/6/230/full/6830_houston_rockets-primary-2020.png
41900104,2020-08-24,Orlando Magic,Milwaukee Bucks,106.0,121.0,0,1,0,1,https://content.sportslogos.net/logos/6/217/full/wd9ic7qafgfb0yxs7tem7n5g4.gif,https://content.sportslogos.net/logos/6/225/full/8275_milwaukee_bucks-primary-2016.png
41900144,2020-08-24,Portland Trail Blazers,Los Angeles Lakers,115.0,135.0,0,1,1,0,https://content.sportslogos.net/logos/6/239/full/9725_portland_trail_blazers-primary-2018.png,https://content.sportslogos.net/logos/6/237/full/uig7aiht8jnpl1szbi57zzlsh.png
41900134,2020-08-24,Miami Heat,Indiana Pacers,99.0,87.0,1,0,1,0,https://content.sportslogos.net/logos/6/214/full/burm5gh2wvjti3xhei5h16k8e.gif,https://content.sportslogos.net/logos/6/224/full/4812_indiana_pacers-primary-2018.png
41900165,2020-08-25,Denver Nuggets,Utah Jazz,117.0,107.0,1,1,1,0,https://content.sportslogos.net/logos/6/229/full/8926_denver_nuggets-primary-2019.png,https://content.sportslogos.net/logos/6/234/full/6749_utah_jazz-primary-2017.png
41900155,2020-08-25,Los Angeles Clippers,Dallas Mavericks,154.0,111.0,1,1,1,1,https://content.sportslogos.net/logos/6/236/full/5462_los_angeles_clippers-primary-2016.png,https://content.sportslogos.net/logos/6/228/full/3463_dallas_mavericks-primary-2018.png
41900145,2020-08-29,Los Angeles Lakers,Portland Trail Blazers,131.0,122.0,1,1,1,0,https://content.sportslogos.net/logos/6/237/full/uig7aiht8jnpl1szbi57zzlsh.png,https://content.sportslogos.net/logos/6/239/full/9725_portland_trail_blazers-primary-2018.png
41900175,2020-08-29,Houston Rockets,Oklahoma City Thunder,114.0,80.0,1,1,1,1,https://content.sportslogos.net/logos/6/230/full/6830_houston_rockets-primary-2020.png,https://content.sportslogos.net/logos/6/2687/full/khmovcnezy06c3nm05ccn0oj2.png
41900105,2020-08-29,Milwaukee Bucks,Orlando Magic,118.0,104.0,1,1,1,1,https://content.sportslogos.net/logos/6/225/full/8275_milwaukee_bucks-primary-2016.png,https://content.sportslogos.net/logos/6/217/full/wd9ic7qafgfb0yxs7tem7n5g4.gif
41900166,2020-08-30,Utah Jazz,Denver Nuggets,107.0,119.0,0,1,1,0,https://content.sportslogos.net/logos/6/234/full/6749_utah_jazz-primary-2017.png,https://content.sportslogos.net/logos/6/229/full/8926_denver_nuggets-primary-2019.png
41900156,2020-08-30,Dallas Mavericks,Los Angeles Clippers,97.0,111.0,0,0,1,0,https://content.sportslogos.net/logos/6/228/full/3463_dallas_mavericks-primary-2018.png,https://content.sportslogos.net/logos/6/236/full/5462_los_angeles_clippers-primary-2016.png
41900211,2020-08-30,Toronto Raptors,Boston Celtics,94.0,112.0,0,1,1,1,https://content.sportslogos.net/logos/6/227/full/7024_toronto_raptors-primary-2021.png,https://content.sportslogos.net/logos/6/213/full/slhg02hbef3j1ov4lsnwyol5o.png
41900201,2020-08-31,Milwaukee Bucks,Miami Heat,104.0,115.0,0,1,1,1,https://content.sportslogos.net/logos/6/225/full/8275_milwaukee_bucks-primary-2016.png,https://content.sportslogos.net/logos/6/214/full/burm5gh2wvjti3xhei5h16k8e.gif
41900176,2020-08-31,Oklahoma City Thunder,Houston Rockets,104.0,100.0,1,0,1,0,https://content.sportslogos.net/logos/6/2687/full/khmovcnezy06c3nm05ccn0oj2.png,https://content.sportslogos.net/logos/6/230/full/6830_houston_rockets-primary-2020.png
41900212,2020-09-01,Toronto Raptors,Boston Celtics,99.0,102.0,0,1,1,1,https://content.sportslogos.net/logos/6/227/full/7024_toronto_raptors-primary-2021.png,https://content.sportslogos.net/logos/6/213/full/slhg02hbef3j1ov4lsnwyol5o.png
41900167,2020-09-01,Denver Nuggets,Utah Jazz,80.0,78.0,1,0,1,0,https://content.sportslogos.net/logos/6/229/full/8926_denver_nuggets-primary-2019.png,https://content.sportslogos.net/logos/6/234/full/6749_utah_jazz-primary-2017.png
41900202,2020-09-02,Milwaukee Bucks,Miami Heat,114.0,116.0,0,1,1,1,https://content.sportslogos.net/logos/6/225/full/8275_milwaukee_bucks-primary-2016.png,https://content.sportslogos.net/logos/6/214/full/burm5gh2wvjti3xhei5h16k8e.gif
41900177,2020-09-02,Houston Rockets,Oklahoma City Thunder,104.0,102.0,1,1,1,1,https://content.sportslogos.net/logos/6/230/full/6830_houston_rockets-primary-2020.png,https://content.sportslogos.net/logos/6/2687/full/khmovcnezy06c3nm05ccn0oj2.png
41900213,2020-09-03,Boston Celtics,Toronto Raptors,103.0,104.0,0,1,1,1,https://content.sportslogos.net/logos/6/213/full/slhg02hbef3j1ov4lsnwyol5o.png,https://content.sportslogos.net/logos/6/227/full/7024_toronto_raptors-primary-2021.png
41900231,2020-09-03,Los Angeles Clippers,Denver Nuggets,120.0,97.0,1,1,1,1,https://content.sportslogos.net/logos/6/236/full/5462_los_angeles_clippers-primary-2016.png,https://content.sportslogos.net/logos/6/229/full/8926_denver_nuggets-primary-2019.png
41900221,2020-09-04,Los Angeles Lakers,Houston Rockets,97.0,112.0,0,1,1,0,https://content.sportslogos.net/logos/6/237/full/uig7aiht8jnpl1szbi57zzlsh.png,https://content.sportslogos.net/logos/6/230/full/6830_houston_rockets-primary-2020.png
41900203,2020-09-04,Miami Heat,Milwaukee Bucks,115.0,100.0,1,1,1,0,https://content.sportslogos.net/logos/6/214/full/burm5gh2wvjti3xhei5h16k8e.gif,https://content.sportslogos.net/logos/6/225/full/8275_milwaukee_bucks-primary-2016.png
41900232,2020-09-05,Los Angeles Clippers,Denver Nuggets,101.0,110.0,0,1,1,0,https://content.sportslogos.net/logos/6/236/full/5462_los_angeles_clippers-primary-2016.png,https://content.sportslogos.net/logos/6/229/full/8926_denver_nuggets-primary-2019.png
41900214,2020-09-05,Boston Celtics,Toronto Raptors,93.0,100.0,0,1,1,1,https://content.sportslogos.net/logos/6/213/full/slhg02hbef3j1ov4lsnwyol5o.png,https://content.sportslogos.net/logos/6/227/full/7024_toronto_raptors-primary-2021.png
41900222,2020-09-06,Los Angeles Lakers,Houston Rockets,117.0,109.0,1,1,1,0,https://content.sportslogos.net/logos/6/237/full/uig7aiht8jnpl1szbi57zzlsh.png,https://content.sportslogos.net/logos/6/230/full/6830_houston_rockets-primary-2020.png
41900204,2020-09-06,Miami Heat,Milwaukee Bucks,115.0,118.0,0,1,1,0,https://content.sportslogos.net/logos/6/214/full/burm5gh2wvjti3xhei5h16k8e.gif,https://content.sportslogos.net/logos/6/225/full/8275_milwaukee_bucks-primary-2016.png
41900215,2020-09-07,Toronto Raptors,Boston Celtics,89.0,111.0,0,1,1,0,https://content.sportslogos.net/logos/6/227/full/7024_toronto_raptors-primary-2021.png,https://content.sportslogos.net/logos/6/213/full/slhg02hbef3j1ov4lsnwyol5o.png
41900233,2020-09-07,Denver Nuggets,Los Angeles Clippers,107.0,113.0,0,1,1,1,https://content.sportslogos.net/logos/6/229/full/8926_denver_nuggets-primary-2019.png,https://content.sportslogos.net/logos/6/236/full/5462_los_angeles_clippers-primary-2016.png
41900223,2020-09-08,Houston Rockets,Los Angeles Lakers,102.0,112.0,0,1,1,1,https://content.sportslogos.net/logos/6/230/full/6830_houston_rockets-primary-2020.png,https://content.sportslogos.net/logos/6/237/full/uig7aiht8jnpl1szbi57zzlsh.png
41900205,2020-09-08,Milwaukee Bucks,Miami Heat,94.0,103.0,0,1,1,1,https://content.sportslogos.net/logos/6/225/full/8275_milwaukee_bucks-primary-2016.png,https://content.sportslogos.net/logos/6/214/full/burm5gh2wvjti3xhei5h16k8e.gif
41900216,2020-09-09,Boston Celtics,Toronto Raptors,122.0,125.0,0,1,1,1,https://content.sportslogos.net/logos/6/213/full/slhg02hbef3j1ov4lsnwyol5o.png,https://content.sportslogos.net/logos/6/227/full/7024_toronto_raptors-primary-2021.png
41900234,2020-09-09,Denver Nuggets,Los Angeles Clippers,85.0,96.0,0,1,1,1,https://content.sportslogos.net/logos/6/229/full/8926_denver_nuggets-primary-2019.png,https://content.sportslogos.net/logos/6/236/full/5462_los_angeles_clippers-primary-2016.png
41900224,2020-09-10,Houston Rockets,Los Angeles Lakers,100.0,110.0,0,1,1,0,https://content.sportslogos.net/logos/6/230/full/6830_houston_rockets-primary-2020.png,https://content.sportslogos.net/logos/6/237/full/uig7aiht8jnpl1szbi57zzlsh.png
41900217,2020-09-11,Toronto Raptors,Boston Celtics,87.0,92.0,0,1,1,1,https://content.sportslogos.net/logos/6/227/full/7024_toronto_raptors-primary-2021.png,https://content.sportslogos.net/logos/6/213/full/slhg02hbef3j1ov4lsnwyol5o.png
41900235,2020-09-11,Los Angeles Clippers,Denver Nuggets,105.0,111.0,0,1,1,1,https://content.sportslogos.net/logos/6/236/full/5462_los_angeles_clippers-primary-2016.png,https://content.sportslogos.net/logos/6/229/full/8926_denver_nuggets-primary-2019.png
41900225,2020-09-12,Los Angeles Lakers,Houston Rockets,119.0,96.0,1,1,1,0,https://content.sportslogos.net/logos/6/237/full/uig7aiht8jnpl1szbi57zzlsh.png,https://content.sportslogos.net/logos/6/230/full/6830_houston_rockets-primary-2020.png
41900236,2020-09-13,Denver Nuggets,Los Angeles Clippers,111.0,98.0,1,1,1,1,https://content.sportslogos.net/logos/6/229/full/8926_denver_nuggets-primary-2019.png,https://content.sportslogos.net/logos/6/236/full/5462_los_angeles_clippers-primary-2016.png
41900237,2020-09-15,Los Angeles Clippers,Denver Nuggets,89.0,104.0,0,1,1,0,https://content.sportslogos.net/logos/6/236/full/5462_los_angeles_clippers-primary-2016.png,https://content.sportslogos.net/logos/6/229/full/8926_denver_nuggets-primary-2019.png
41900301,2020-09-15,Boston Celtics,Miami Heat,114.0,117.0,0,1,1,1,https://content.sportslogos.net/logos/6/213/full/slhg02hbef3j1ov4lsnwyol5o.png,https://content.sportslogos.net/logos/6/214/full/burm5gh2wvjti3xhei5h16k8e.gif
41900302,2020-09-17,Boston Celtics,Miami Heat,101.0,106.0,0,1,1,1,https://content.sportslogos.net/logos/6/213/full/slhg02hbef3j1ov4lsnwyol5o.png,https://content.sportslogos.net/logos/6/214/full/burm5gh2wvjti3xhei5h16k8e.gif
41900311,2020-09-18,Los Angeles Lakers,Denver Nuggets,126.0,114.0,1,1,1,0,https://content.sportslogos.net/logos/6/237/full/uig7aiht8jnpl1szbi57zzlsh.png,https://content.sportslogos.net/logos/6/229/full/8926_denver_nuggets-primary-2019.png
41900303,2020-09-19,Miami Heat,Boston Celtics,106.0,117.0,0,1,1,0,https://content.sportslogos.net/logos/6/214/full/burm5gh2wvjti3xhei5h16k8e.gif,https://content.sportslogos.net/logos/6/213/full/slhg02hbef3j1ov4lsnwyol5o.png
41900312,2020-09-20,Los Angeles Lakers,Denver Nuggets,105.0,103.0,1,0,1,0,https://content.sportslogos.net/logos/6/237/full/uig7aiht8jnpl1szbi57zzlsh.png,https://content.sportslogos.net/logos/6/229/full/8926_denver_nuggets-primary-2019.png
41900313,2020-09-22,Denver Nuggets,Los Angeles Lakers,114.0,106.0,1,1,1,0,https://content.sportslogos.net/logos/6/229/full/8926_denver_nuggets-primary-2019.png,https://content.sportslogos.net/logos/6/237/full/uig7aiht8jnpl1szbi57zzlsh.png
41900304,2020-09-23,Miami Heat,Boston Celtics,112.0,109.0,1,1,1,0,https://content.sportslogos.net/logos/6/214/full/burm5gh2wvjti3xhei5h16k8e.gif,https://content.sportslogos.net/logos/6/213/full/slhg02hbef3j1ov4lsnwyol5o.png
41900314,2020-09-24,Denver Nuggets,Los Angeles Lakers,108.0,114.0,0,1,1,1,https://content.sportslogos.net/logos/6/229/full/8926_denver_nuggets-primary-2019.png,https://content.sportslogos.net/logos/6/237/full/uig7aiht8jnpl1szbi57zzlsh.png
41900305,2020-09-25,Boston Celtics,Miami Heat,121.0,108.0,1,1,1,1,https://content.sportslogos.net/logos/6/213/full/slhg02hbef3j1ov4lsnwyol5o.png,https://content.sportslogos.net/logos/6/214/full/burm5gh2wvjti3xhei5h16k8e.gif
41900315,2020-09-26,Los Angeles Lakers,Denver Nuggets,117.0,107.0,1,1,1,0,https://content.sportslogos.net/logos/6/237/full/uig7aiht8jnpl1szbi57zzlsh.png,https://content.sportslogos.net/logos/6/229/full/8926_denver_nuggets-primary-2019.png
41900306,2020-09-27,Miami Heat,Boston Celtics,125.0,113.0,1,1,1,1,https://content.sportslogos.net/logos/6/214/full/burm5gh2wvjti3xhei5h16k8e.gif,https://content.sportslogos.net/logos/6/213/full/slhg02hbef3j1ov4lsnwyol5o.png
41900401,2020-09-30,Los Angeles Lakers,Miami Heat,116.0,98.0,1,1,1,0,https://content.sportslogos.net/logos/6/237/full/uig7aiht8jnpl1szbi57zzlsh.png,https://content.sportslogos.net/logos/6/214/full/burm5gh2wvjti3xhei5h16k8e.gif
41900402,2020-10-02,Los Angeles Lakers,Miami Heat,124.0,114.0,1,1,1,0,https://content.sportslogos.net/logos/6/237/full/uig7aiht8jnpl1szbi57zzlsh.png,https://content.sportslogos.net/logos/6/214/full/burm5gh2wvjti3xhei5h16k8e.gif
41900403,2020-10-04,Miami Heat,Los Angeles Lakers,115.0,104.0,1,1,1,1,https://content.sportslogos.net/logos/6/214/full/burm5gh2wvjti3xhei5h16k8e.gif,https://content.sportslogos.net/logos/6/237/full/uig7aiht8jnpl1szbi57zzlsh.png
41900404,2020-10-06,Miami Heat,Los Angeles Lakers,96.0,102.0,0,1,1,1,https://content.sportslogos.net/logos/6/214/full/burm5gh2wvjti3xhei5h16k8e.gif,https://content.sportslogos.net/logos/6/237/full/uig7aiht8jnpl1szbi57zzlsh.png
41900405,2020-10-09,Los Angeles Lakers,Miami Heat,108.0,111.0,0,1,1,0,https://content.sportslogos.net/logos/6/237/full/uig7aiht8jnpl1szbi57zzlsh.png,https://content.sportslogos.net/logos/6/214/full/burm5gh2wvjti3xhei5h16k8e.gif
41900406,2020-10-11,Miami Heat,Los Angeles Lakers,93.0,106.0,0,1,1,1,https://content.sportslogos.net/logos/6/214/full/burm5gh2wvjti3xhei5h16k8e.gif,https://content.sportslogos.net/logos/6/237/full/uig7aiht8jnpl1szbi57zzlsh.png
